filename,file_size,file_attributes,region_count,region_id,region_shape_attributes,region_attributes
frame_0001.jpg,383103,"{}",1,0,"{""name"":""polyline"",""all_points_x"":[2,405,513,1174,1919,1917,551,472,356,2,5],""all_points_y"":[261,231,231,403,596,659,280,275,275,310,261]}","{""pitch side billboards"":""1""}"
frame_0003.jpg,252527,"{}",1,0,"{""name"":""polyline"",""all_points_x"":[1,390,442,1394,1918,1915,1230,818,460,394,2,2],""all_points_y"":[271,161,157,209,228,255,223,199,178,183,300,270]}","{""pitch side billboards"":""1""}"
frame_0004.jpg,252537,"{}",1,0,"{""name"":""polyline"",""all_points_x"":[0,387,406,436,1690,1919,1918,1600,1308,1023,800,566,470,446,394,2,2],""all_points_y"":[270,162,158,157,220,229,255,241,228,212,198,185,179,176,185,299,270]}","{""pitch side billboards"":""1""}"
frame_0005.jpg,260302,"{}",1,0,"{""name"":""polyline"",""all_points_x"":[2,403,442,1142,1916,1916,1575,1069,676,466,422,134,2,2],""all_points_y"":[274,162,160,199,235,259,246,221,195,183,184,269,308,277]}","{""pitch side billboards"":""1""}"
frame_0006.jpg,264510,"{}",1,0,"{""name"":""polyline"",""all_points_x"":[3,408,451,1186,1704,1916,1911,1507,1072,731,542,446,393,81,2,0],""all_points_y"":[277,168,165,207,231,239,267,247,224,203,193,189,200,288,311,279]}","{""pitch side billboards"":""1""}"
frame_0007.jpg,263615,"{}",1,0,"{""name"":""polyline"",""all_points_x"":[5,402,447,1224,1918,1917,1448,848,454,405,6,3],""all_points_y"":[286,175,171,213,243,275,251,216,195,202,319,288]}","{""pitch side billboards"":""1""}"
frame_0008.jpg,263797,"{}",1,0,"{""name"":""polyline"",""all_points_x"":[0,402,450,1118,1718,1918,1916,1402,1030,702,475,414,0,1],""all_points_y"":[292,180,176,212,240,247,277,252,230,211,198,202,323,294]}","{""pitch side billboards"":""1""}"
frame_0009.jpg,263189,"{}",1,0,"{""name"":""polyline"",""all_points_x"":[2,308,416,478,830,1428,1917,1916,1635,1139,718,478,415,0,1],""all_points_y"":[297,214,183,180,202,233,254,278,269,242,217,203,209,331,295]}","{""pitch side billboards"":""1""}"
frame_0011.jpg,263972,"{}",1,0,"{""name"":""polyline"",""all_points_x"":[2,288,411,425,466,728,1204,1731,1918,1915,1729,1377,1143,795,583,462,422,2,4],""all_points_y"":[303,225,190,186,185,198,227,251,256,283,277,259,247,225,211,207,213,335,300]}","{""pitch side billboards"":""1""}"
frame_0012.jpg,264913,"{}",1,0,"{""name"":""polyline"",""all_points_x"":[5,398,476,574,1117,1740,1918,1916,1735,1162,721,530,479,424,159,2,6],""all_points_y"":[305,198,187,192,225,255,262,293,283,253,225,213,210,216,295,339,303]}","{""pitch side billboards"":""1""}"
frame_0014.jpg,265079,"{}",1,0,"{""name"":""polyline"",""all_points_x"":[1,422,470,795,1270,1756,1919,1918,1748,1055,704,486,423,2,3],""all_points_y"":[316,199,196,213,241,263,272,299,290,253,231,218,225,350,316]}","{""pitch side billboards"":""1""}"
frame_0015.jpg,260669,"{}",1,0,"{""name"":""polyline"",""all_points_x"":[4,415,470,1194,1760,1918,1918,1717,1208,746,498,429,2,2],""all_points_y"":[323,207,200,240,268,274,303,292,267,237,222,227,354,322]}","{""pitch side billboards"":""1""}"
frame_0018.jpg,267929,"{}",1,0,"{""name"":""polyline"",""all_points_x"":[3,294,446,474,872,1505,1918,1915,1630,1257,919,687,503,478,434,264,98,0,2],""all_points_y"":[331,250,207,207,229,264,281,308,293,276,255,240,229,228,235,286,334,363,331]}","{""pitch side billboards"":""1""}"
frame_0019.jpg,273904,"{}",1,0,"{""name"":""polyline"",""all_points_x"":[4,323,438,466,503,783,1187,1709,1915,1915,1648,1380,1063,790,588,509,474,446,256,67,1,0],""all_points_y"":[337,247,215,209,208,227,249,278,282,310,300,285,267,248,238,233,234,239,296,347,367,338]}","{""pitch side billboards"":""1""}"
frame_0020.jpg,276143,"{}",1,0,"{""name"":""polyline"",""all_points_x"":[3,419,450,485,709,1313,1870,1919,1918,1648,1234,800,546,494,459,442,316,112,6,4],""all_points_y"":[343,226,216,214,223,262,285,288,315,305,281,255,240,236,236,243,283,340,373,341]}","{""pitch side billboards"":""1""}"
frame_0021.jpg,280800,"{}",1,0,"{""name"":""polyline"",""all_points_x"":[2,455,492,636,818,1158,1586,1838,1918,1917,1602,1254,978,756,580,490,466,279,54,2,2],""all_points_y"":[342,219,217,223,235,254,278,287,291,320,307,287,271,255,246,239,242,296,359,374,341]}","{""pitch side billboards"":""1""}"
frame_0022.jpg,280834,"{}",1,0,"{""name"":""polyline"",""all_points_x"":[2,212,371,446,490,728,1135,1572,1826,1918,1917,1650,1343,1062,752,560,504,455,70,2,0],""all_points_y"":[346,290,243,223,216,229,255,279,289,293,315,306,291,275,253,241,239,244,355,373,347]}","{""pitch side billboards"":""1""}"
frame_0023.jpg,277210,"{}",1,0,"{""name"":""polyline"",""all_points_x"":[5,346,465,498,714,1243,1691,1916,1912,1573,1166,792,570,502,466,3,3],""all_points_y"":[351,255,223,222,231,263,286,295,321,307,284,260,245,244,247,383,351]}","{""pitch side billboards"":""1""}"
frame_0024.jpg,273963,"{}",1,0,"{""name"":""polyline"",""all_points_x"":[6,302,452,507,1039,1599,1917,1916,1553,1071,780,538,500,458,2,4],""all_points_y"":[353,272,228,223,254,286,298,326,310,283,263,247,247,254,387,355]}","{""pitch side billboards"":""1""}"
frame_0025.jpg,273027,"{}",1,0,"{""name"":""polyline"",""all_points_x"":[2,449,466,506,830,1511,1918,1915,1554,1145,822,615,512,496,138,2,4],""all_points_y"":[357,233,232,226,244,284,301,331,315,291,271,255,250,250,351,392,357]}","{""pitch side billboards"":""1""}"
frame_0026.jpg,338817,"{}",1,0,"{""name"":""polyline"",""all_points_x"":[2,379,441,510,792,1306,1916,1916,1282,838,603,512,438,316,150,2,4],""all_points_y"":[265,236,235,240,318,451,609,672,499,379,312,284,281,284,300,313,264]}","{""pitch side billboards"":""1""}"
frame_0027.jpg,269166,"{}",1,0,"{""name"":""polyline"",""all_points_x"":[0,241,398,466,515,1114,1831,1919,1919,1670,1166,738,524,469,170,2,2],""all_points_y"":[364,303,258,238,235,268,306,310,334,326,297,270,256,263,353,403,362]}","{""pitch side billboards"":""1""}"
frame_0028.jpg,269196,"{}",1,0,"{""name"":""polyline"",""all_points_x"":[7,265,470,514,838,1487,1918,1917,1511,1160,810,597,529,480,190,1,2],""all_points_y"":[367,297,239,234,252,291,308,339,316,299,275,259,257,262,347,399,367]}","{""pitch side billboards"":""1""}"
frame_0029.jpg,266447,"{}",1,0,"{""name"":""polyline"",""all_points_x"":[4,275,439,474,498,538,1074,1918,1917,1554,1080,699,514,475,1,3],""all_points_y"":[369,299,251,241,239,239,271,311,341,324,298,271,260,265,403,367]}","{""pitch side billboards"":""1""}"
frame_0030.jpg,322548,"{}",1,0,"{""name"":""polyline"",""all_points_x"":[3,392,471,579,1677,1918,1918,1347,825,485,451,389,128,1,3],""all_points_y"":[260,232,236,263,551,612,678,524,379,285,278,279,296,307,257]}","{""pitch side billboards"":""1""}"
frame_0031.jpg,263374,"{}",1,0,"{""name"":""polyline"",""all_points_x"":[1,335,485,530,1421,1919,1918,1146,802,605,532,482,49,1,2],""all_points_y"":[377,289,245,241,296,318,349,306,282,270,267,273,399,414,376]}","{""pitch side billboards"":""1""}"
frame_0032.jpg,266547,"{}",1,0,"{""name"":""polyline"",""all_points_x"":[2,415,498,524,642,1623,1919,1914,1473,1042,678,557,514,448,102,4,2],""all_points_y"":[382,270,247,243,251,307,319,351,327,302,275,268,270,285,387,417,379]}","{""pitch side billboards"":""1""}"
frame_0033.jpg,270249,"{}",1,0,"{""name"":""polyline"",""all_points_x"":[2,413,514,1199,1919,1918,1104,691,547,496,197,1,2],""all_points_y"":[388,274,247,287,323,355,309,280,270,277,363,420,387]}","{""pitch side billboards"":""1""}"
frame_0034.jpg,270256,"{}",1,0,"{""name"":""polyline"",""all_points_x"":[4,371,493,529,1129,1919,1916,1356,1018,709,559,494,303,34,5,3],""all_points_y"":[387,287,251,248,283,323,353,323,301,280,272,275,335,412,422,386]}","{""pitch side billboards"":""1""}"
frame_0035.jpg,313635,"{}",1,0,"{""name"":""polyline"",""all_points_x"":[2,361,452,880,1919,1916,1260,734,518,448,380,179,0,2],""all_points_y"":[250,227,229,347,615,677,498,354,299,275,272,285,300,250]}","{""pitch side billboards"":""1""}"
frame_0036.jpg,312082,"{}",1,0,"{""name"":""polyline"",""all_points_x"":[2,362,426,506,1294,1918,1917,1290,864,533,438,368,227,2,1],""all_points_y"":[250,226,227,244,455,615,682,511,393,299,273,271,277,295,248]}","{""pitch side billboards"":""1""}"
frame_0037.jpg,321497,"{}",1,0,"{""name"":""polyline"",""all_points_x"":[3,338,430,935,1918,1916,1309,847,606,429,386,214,3,4],""all_points_y"":[244,222,224,359,612,678,514,389,324,275,271,275,295,247]}","{""pitch side billboards"":""1""}"
frame_0038.jpg,319009,"{}",1,0,"{""name"":""polyline"",""all_points_x"":[0,338,426,1286,1915,1916,1289,871,532,418,340,2,4],""all_points_y"":[242,221,224,451,612,677,506,395,303,270,266,292,242]}","{""pitch side billboards"":""1""}"
frame_0039.jpg,316303,"{}",1,0,"{""name"":""polyline"",""all_points_x"":[2,327,418,1918,1917,1635,1058,664,414,327,5,4],""all_points_y"":[239,219,223,614,678,606,443,335,267,265,287,243]}","{""pitch side billboards"":""1""}"
frame_0040.jpg,313768,"{}",1,0,"{""name"":""polyline"",""all_points_x"":[1,265,318,413,1105,1918,1917,423,375,293,199,18,5,2],""all_points_y"":[236,220,218,219,408,610,679,267,263,262,268,284,285,235]}","{""pitch side billboards"":""1""}"
frame_0042.jpg,313614,"{}",1,0,"{""name"":""polyline"",""all_points_x"":[3,212,339,400,726,1282,1858,1917,1917,1446,966,630,414,365,330,290,38,6,4],""all_points_y"":[234,221,215,219,307,451,595,609,680,549,421,330,268,263,259,259,278,280,238]}","{""pitch side billboards"":""1""}"
frame_0043.jpg,312457,"{}",1,0,"{""name"":""polyline"",""all_points_x"":[6,272,338,378,1918,1914,1473,1030,607,401,372,319,274,213,2,7],""all_points_y"":[232,215,212,214,615,675,555,439,323,265,259,257,259,262,277,234]}","{""pitch side billboards"":""1""}"
frame_0049.jpg,308389,"{}",1,0,"{""name"":""polyline"",""all_points_x"":[2,222,315,446,1080,1918,1918,1593,1094,638,391,340,308,1,2],""all_points_y"":[223,207,203,231,400,613,675,591,456,336,267,255,252,271,223]}","{""pitch side billboards"":""1""}"
frame_0050.jpg,308170,"{}",1,0,"{""name"":""polyline"",""all_points_x"":[2,238,287,362,717,1465,1915,1917,1390,795,353,301,234,131,0,3],""all_points_y"":[221,202,202,210,306,498,610,679,542,379,253,247,247,253,264,223]}","{""pitch side billboards"":""1""}"
frame_0054.jpg,311224,"{}",1,0,"{""name"":""polyline"",""all_points_x"":[0,176,269,321,919,1917,1914,1498,1018,564,325,273,169,6,3],""all_points_y"":[209,199,195,200,358,609,678,567,437,315,247,240,245,259,210]}","{""pitch side billboards"":""1""}"
frame_0082.jpg,319475,"{}",1,0,"{""name"":""polyline"",""all_points_x"":[2,155,226,314,1386,1918,1917,1461,954,524,306,266,204,144,29,4,6],""all_points_y"":[140,131,131,144,426,555,618,502,369,251,191,180,175,177,187,187,139]}","{""pitch side billboards"":""1""}"
frame_0083.jpg,319530,"{}",1,0,"{""name"":""polyline"",""all_points_x"":[5,150,230,302,572,956,1540,1897,1918,1917,1483,958,621,338,247,26,4,7],""all_points_y"":[143,134,131,142,216,315,463,549,555,618,508,367,277,195,174,188,188,143]}","{""pitch side billboards"":""1""}"
frame_0103.jpg,320839,"{}",1,0,"{""name"":""polyline"",""all_points_x"":[0,198,315,436,854,1917,1917,1638,1485,1118,748,494,330,146,26,3,1],""all_points_y"":[110,95,98,126,235,503,561,491,451,354,253,182,137,145,155,159,108]}","{""pitch side billboards"":""1""}"
frame_0105.jpg,312723,"{}",1,0,"{""name"":""polyline"",""all_points_x"":[0,243,313,580,1918,1916,1483,918,562,368,338,304,186,8,4,2],""all_points_y"":[109,88,87,162,499,564,446,298,203,145,135,134,139,155,153,110]}","{""pitch side billboards"":""1""}"
frame_0106.jpg,310376,"{}",1,0,"{""name"":""polyline"",""all_points_x"":[3,241,305,482,930,1652,1917,1917,1512,1091,733,466,351,302,177,60,5,5],""all_points_y"":[107,91,89,132,250,435,499,554,454,343,246,172,139,135,141,151,157,106]}","{""pitch side billboards"":""1""}"
frame_0109.jpg,307261,"{}",1,0,"{""name"":""polyline"",""all_points_x"":[5,255,312,496,865,1373,1852,1917,1914,1499,1012,681,479,380,340,296,17,1,3],""all_points_y"":[106,89,87,132,227,361,477,495,553,443,316,227,172,143,131,130,151,152,102]}","{""pitch side billboards"":""1""}"
frame_0110.jpg,308580,"{}",1,0,"{""name"":""polyline"",""all_points_x"":[1,229,314,508,1620,1918,1916,1362,926,550,422,362,325,204,4,11],""all_points_y"":[107,88,85,133,419,495,553,407,291,191,159,138,131,137,152,103]}","{""pitch side billboards"":""1""}"
frame_0130.jpg,310790,"{}",1,0,"{""name"":""polyline"",""all_points_x"":[2,214,345,411,492,1917,1916,1391,881,474,423,341,258,118,6,2],""all_points_y"":[118,107,103,108,119,489,543,412,272,157,144,138,145,151,163,117]}","{""pitch side billboards"":""1""}"
frame_0137.jpg,347170,"{}",1,0,"{""name"":""polyline"",""all_points_x"":[6,322,417,658,1917,1914,1545,1048,777,556,438,406,376,340,261,171,43,6,5],""all_points_y"":[125,98,110,171,491,547,455,319,244,186,154,148,145,145,152,157,171,175,124]}","{""pitch side billboards"":""1""}"
frame_0157.jpg,341384,"{}",1,0,"{""name"":""polyline"",""all_points_x"":[3,265,410,450,962,1916,1916,1498,966,600,446,398,320,2,4],""all_points_y"":[161,143,139,139,277,517,570,461,320,219,175,174,181,207,160]}","{""pitch side billboards"":""1""}"
frame_0158.jpg,343545,"{}",1,0,"{""name"":""polyline"",""all_points_x"":[0,344,394,442,495,1178,1917,1917,1595,1167,916,649,452,402,330,37,1,1],""all_points_y"":[164,139,139,141,155,335,517,572,489,375,310,238,181,177,178,202,203,163]}","{""pitch side billboards"":""1""}"
frame_0160.jpg,339946,"{}",1,0,"{""name"":""polyline"",""all_points_x"":[2,250,349,418,469,706,1916,1915,1554,1086,721,558,464,430,392,258,2,2],""all_points_y"":[165,150,141,140,147,212,520,574,478,355,257,211,187,184,182,190,209,165]}","{""pitch side billboards"":""1""}"
frame_0184.jpg,341689,"{}",1,0,"{""name"":""polyline"",""all_points_x"":[3,310,438,470,497,652,1337,1917,1914,1485,1090,775,585,486,445,394,3,2],""all_points_y"":[196,177,171,171,173,216,396,541,589,479,377,290,239,208,206,208,242,196]}","{""pitch side billboards"":""1""}"
frame_0185.jpg,341707,"{}",1,0,"{""name"":""polyline"",""all_points_x"":[6,350,451,498,806,1122,1751,1918,1916,1613,1138,744,590,495,452,123,5,5],""all_points_y"":[200,175,169,173,259,339,499,539,591,512,385,279,235,208,203,226,235,195]}","{""pitch side billboards"":""1""}"
frame_0186.jpg,341056,"{}",1,0,"{""name"":""polyline"",""all_points_x"":[0,392,458,498,784,1159,1745,1919,1918,1476,1155,966,701,589,497,469,431,162,6,4],""all_points_y"":[197,175,173,176,251,349,499,540,593,477,390,338,267,235,211,206,206,223,233,195]}","{""pitch side billboards"":""1""}"
frame_0187.jpg,339689,"{}",1,0,"{""name"":""polyline"",""all_points_x"":[1,356,455,493,760,1744,1918,1915,1611,1481,1216,1026,800,685,577,495,459,367,2,5],""all_points_y"":[203,178,171,176,245,502,541,594,513,479,406,351,293,263,231,211,205,213,243,204]}","{""pitch side billboards"":""1""}"
frame_0190.jpg,338916,"{}",1,0,"{""name"":""polyline"",""all_points_x"":[2,330,430,488,665,1254,1764,1917,1912,1014,605,507,462,369,6,6],""all_points_y"":[209,186,179,176,222,378,506,543,600,355,243,218,216,222,251,211]}","{""pitch side billboards"":""1""}"
frame_0191.jpg,338972,"{}",1,0,"{""name"":""polyline"",""all_points_x"":[2,272,414,501,682,1105,1542,1916,1916,1766,1525,1208,975,765,622,508,463,389,274,5,5],""all_points_y"":[207,189,183,182,227,339,451,544,594,556,495,410,346,286,247,217,214,218,223,243,209]}","{""pitch side billboards"":""1""}"
frame_0212.jpg,314720,"{}",1,0,"{""name"":""polyline"",""all_points_x"":[0,395,499,558,599,730,1212,1825,1918,1916,1609,1194,855,655,586,518,462,379,101,3,1],""all_points_y"":[235,211,203,201,206,243,368,527,550,599,522,408,314,259,239,238,240,246,271,277,233]}","{""pitch side billboards"":""1""}"
frame_0213.jpg,318057,"{}",1,0,"{""name"":""polyline"",""all_points_x"":[4,371,510,564,610,785,1641,1918,1917,1601,1198,926,687,608,557,489,373,64,2,9],""all_points_y"":[236,211,203,203,206,252,477,547,591,515,407,332,267,243,238,239,245,269,273,235]}","{""pitch side billboards"":""1""}"
frame_0216.jpg,300553,"{}",1,0,"{""name"":""polyline"",""all_points_x"":[3,326,499,579,622,1062,1918,1916,1255,862,673,610,578,2,4],""all_points_y"":[239,218,205,204,204,325,547,599,419,311,257,241,235,276,237]}","{""pitch side billboards"":""1""}"
frame_0217.jpg,294046,"{}",1,0,"{""name"":""polyline"",""all_points_x"":[3,426,550,607,642,948,1741,1918,1916,1626,1161,838,665,602,401,87,4,4],""all_points_y"":[238,209,202,202,206,291,500,541,596,519,392,304,255,236,243,271,279,235]}","{""pitch side billboards"":""1""}"
frame_0218.jpg,290952,"{}",1,0,"{""name"":""polyline"",""all_points_x"":[3,465,554,643,970,1918,1918,1344,910,642,589,502,2,6],""all_points_y"":[238,207,199,204,295,542,593,440,319,245,240,241,279,239]}","{""pitch side billboards"":""1""}"
frame_0253.jpg,308716,"{}",1,0,"{""name"":""polyline"",""all_points_x"":[2,910,1274,1414,1456,1530,1918,1918,1636,1526,1486,1465,1402,682,226,4,3],""all_points_y"":[495,275,179,143,139,142,171,211,185,177,176,176,187,376,495,553,495]}","{""pitch side billboards"":""1""}"
frame_0254.jpg,308901,"{}",1,0,"{""name"":""polyline"",""all_points_x"":[0,879,1188,1362,1407,1435,1486,1634,1913,1919,1766,1583,1485,1441,1318,965,414,33,2,0],""all_points_y"":[499,281,202,156,144,141,140,148,167,211,198,183,179,179,209,307,445,543,552,499]}","{""pitch side billboards"":""1""}"
frame_0255.jpg,310507,"{}",1,0,"{""name"":""polyline"",""all_points_x"":[4,649,1113,1347,1408,1467,1677,1918,1917,1658,1518,1472,1414,985,674,322,2,6],""all_points_y"":[495,341,223,160,144,137,151,166,207,185,178,176,184,300,378,471,552,494]}","{""pitch side billboards"":""1""}"
frame_0256.jpg,310497,"{}",1,0,"{""name"":""polyline"",""all_points_x"":[2,930,1330,1413,1442,1493,1918,1917,1513,1464,1408,676,193,3,3],""all_points_y"":[494,269,163,144,141,139,167,210,177,175,183,378,504,553,495]}","{""pitch side billboards"":""1""}"
frame_0257.jpg,312941,"{}",1,0,"{""name"":""polyline"",""all_points_x"":[2,915,1296,1402,1443,1589,1917,1914,1539,1423,1163,609,43,1,2],""all_points_y"":[496,271,172,145,139,142,166,211,180,179,249,395,542,551,496]}","{""pitch side billboards"":""1""}"
frame_0258.jpg,311871,"{}",1,0,"{""name"":""polyline"",""all_points_x"":[2,900,1274,1402,1448,1594,1794,1918,1916,1655,1491,1440,1185,757,269,5,3],""all_points_y"":[492,275,179,145,142,145,159,167,208,186,173,177,243,356,482,552,492]}","{""pitch side billboards"":""1""}"
frame_0259.jpg,314034,"{}",1,0,"{""name"":""polyline"",""all_points_x"":[2,886,1316,1402,1444,1538,1918,1916,1654,1505,1410,749,245,3,2],""all_points_y"":[498,278,167,144,139,139,167,211,187,177,183,357,487,551,495]}","{""pitch side billboards"":""1""}"
frame_0260.jpg,315403,"{}",1,0,"{""name"":""polyline"",""all_points_x"":[3,1007,1392,1470,1865,1917,1916,1587,1475,1405,700,249,5,3],""all_points_y"":[495,248,145,139,163,168,208,182,175,180,368,487,549,495]}","{""pitch side billboards"":""1""}"
frame_0261.jpg,311794,"{}",1,0,"{""name"":""polyline"",""all_points_x"":[6,935,1234,1377,1405,1444,1918,1916,1652,1515,1448,1398,1194,737,94,1,2],""all_points_y"":[494,263,186,149,142,139,167,213,187,179,179,182,239,360,526,550,496]}","{""pitch side billboards"":""1""}"
frame_0262.jpg,311920,"{}",1,0,"{""name"":""polyline"",""all_points_x"":[3,957,1374,1398,1448,1588,1917,1917,1753,1527,1445,1402,792,45,4,2],""all_points_y"":[493,259,149,143,141,145,167,210,195,177,174,178,343,539,548,493]}","{""pitch side billboards"":""1""}"
frame_0263.jpg,318017,"{}",1,0,"{""name"":""polyline"",""all_points_x"":[2,917,1211,1387,1434,1522,1916,1918,1699,1510,1431,1360,983,661,326,2,2],""all_points_y"":[494,267,192,146,139,141,169,211,192,175,176,189,293,377,465,549,495]}","{""pitch side billboards"":""1""}"
frame_0264.jpg,311959,"{}",1,0,"{""name"":""polyline"",""all_points_x"":[2,778,1087,1334,1391,1422,1458,1630,1828,1919,1918,1596,1450,1400,673,84,2,3],""all_points_y"":[493,303,223,157,143,138,139,147,162,169,214,184,175,180,373,525,546,494]}","{""pitch side billboards"":""1""}"
frame_0265.jpg,308272,"{}",1,0,"{""name"":""polyline"",""all_points_x"":[4,349,798,1083,1282,1380,1466,1662,1918,1918,1697,1494,1446,1397,964,614,312,2,2],""all_points_y"":[491,408,295,224,171,144,138,150,168,209,191,176,176,180,300,391,467,543,491]}","{""pitch side billboards"":""1""}"
frame_0266.jpg,303065,"{}",1,0,"{""name"":""polyline"",""all_points_x"":[2,849,1218,1374,1404,1451,1540,1917,1917,1594,1440,1418,1189,911,558,119,2,2],""all_points_y"":[492,282,188,145,140,140,143,170,211,182,173,173,235,311,404,513,543,491]}","{""pitch side billboards"":""1""}"
frame_0268.jpg,337595,"{}",1,0,"{""name"":""polyline"",""all_points_x"":[1,389,574,711,770,1166,1590,1913,1917,1472,1158,918,789,731,610,347,22,3,2],""all_points_y"":[290,266,252,240,241,344,458,543,602,470,386,317,279,275,283,304,328,331,290]}","{""pitch side billboards"":""1""}"
frame_0270.jpg,341188,"{}",1,0,"{""name"":""polyline"",""all_points_x"":[6,562,729,782,982,1298,1691,1912,1911,1559,1284,954,855,783,736,624,334,148,3,5],""all_points_y"":[291,249,239,240,296,382,485,543,592,497,420,327,296,275,271,279,304,321,335,293]}","{""pitch side billboards"":""1""}"
frame_0271.jpg,339239,"{}",1,0,"{""name"":""polyline"",""all_points_x"":[3,378,673,729,770,1010,1276,1615,1913,1911,1560,1252,978,866,774,661,296,1,2],""all_points_y"":[293,265,243,239,239,304,375,465,543,599,495,411,336,302,279,279,310,335,291]}","{""pitch side billboards"":""1""}"
frame_0272.jpg,340829,"{}",1,0,"{""name"":""polyline"",""all_points_x"":[2,364,595,729,779,1506,1911,1910,1399,1124,884,787,754,614,363,125,0,3],""all_points_y"":[291,263,247,238,239,436,542,592,450,374,305,280,275,282,301,319,331,288]}","{""pitch side billboards"":""1""}"
frame_0274.jpg,264079,"{}",1,0,"{""name"":""polyline"",""all_points_x"":[2,366,810,1150,1330,1372,1462,1838,1918,1917,1614,1461,1386,1353,867,389,86,4,2],""all_points_y"":[479,391,279,190,143,138,138,163,170,210,187,174,175,175,310,430,511,530,479]}","{""pitch side billboards"":""1""}"
frame_0275.jpg,260526,"{}",1,0,"{""name"":""polyline"",""all_points_x"":[3,898,1230,1324,1358,1446,1778,1918,1916,1578,1429,1390,1330,1109,890,567,261,49,1,2],""all_points_y"":[480,254,165,141,135,135,159,169,211,180,172,173,179,239,301,381,463,519,531,479]}","{""pitch side billboards"":""1""}"
frame_0276.jpg,259074,"{}",1,0,"{""name"":""polyline"",""all_points_x"":[5,370,760,1085,1296,1330,1365,1427,1652,1918,1918,1712,1566,1417,1372,1343,935,598,187,4,6],""all_points_y"":[475,387,287,203,145,138,134,133,151,169,210,193,180,171,171,173,287,373,481,527,472]}","{""pitch side billboards"":""1""}"
frame_0277.jpg,254533,"{}",1,0,"{""name"":""polyline"",""all_points_x"":[2,646,963,1215,1290,1350,1454,1704,1918,1916,1658,1505,1379,1345,1318,1110,657,264,19,4,2],""all_points_y"":[472,311,231,162,143,136,135,153,171,211,194,180,173,173,175,232,355,455,520,523,471]}","{""pitch side billboards"":""1""}"
frame_0278.jpg,249172,"{}",1,0,"{""name"":""polyline"",""all_points_x"":[3,829,1201,1298,1356,1562,1918,1918,1547,1372,1310,912,538,1,2],""all_points_y"":[467,261,164,138,132,144,169,211,185,170,175,287,386,522,470]}","{""pitch side billboards"":""1""}"
frame_0280.jpg,251402,"{}",1,0,"{""name"":""polyline"",""all_points_x"":[3,391,816,1132,1263,1299,1350,1445,1830,1917,1915,1645,1465,1368,1324,1281,1064,654,271,2,5],""all_points_y"":[463,368,262,178,144,136,132,135,164,170,208,188,172,168,168,179,239,348,449,518,463]}","{""pitch side billboards"":""1""}"
frame_0281.jpg,247471,"{}",1,0,"{""name"":""polyline"",""all_points_x"":[4,976,1230,1284,1374,1918,1917,1682,1376,1290,1087,541,314,3,4],""all_points_y"":[463,215,149,135,130,171,213,193,168,172,225,376,435,518,464]}","{""pitch side billboards"":""1""}"
frame_0282.jpg,239761,"{}",1,0,"{""name"":""polyline"",""all_points_x"":[2,786,1193,1258,1315,1533,1918,1916,1546,1329,1255,559,202,2,2],""all_points_y"":[459,261,152,136,131,140,169,211,178,167,177,365,460,511,457]}","{""pitch side billboards"":""1""}"
frame_0293.jpg,382612,"{}",1,0,"{""name"":""polyline"",""all_points_x"":[2,346,614,706,781,1158,1916,1918,1398,1131,927,771,702,610,226,5,2],""all_points_y"":[284,263,241,235,240,345,544,595,455,383,324,278,274,278,312,325,284]}","{""pitch side billboards"":""1""}"
frame_0294.jpg,380973,"{}",1,0,"{""name"":""polyline"",""all_points_x"":[6,450,646,710,766,909,1354,1798,1918,1919,1387,1057,818,762,272,2,5],""all_points_y"":[283,255,239,237,238,277,397,515,543,601,452,360,291,275,307,329,281]}","{""pitch side billboards"":""1""}"
frame_0296.jpg,376475,"{}",1,0,"{""name"":""polyline"",""all_points_x"":[2,441,634,738,798,944,1321,1678,1907,1918,1917,1209,878,776,721,617,234,1,2],""all_points_y"":[285,255,239,237,243,287,389,482,541,544,604,403,308,279,273,281,307,327,283]}","{""pitch side billboards"":""1""}"
frame_0297.jpg,361009,"{}",1,0,"{""name"":""polyline"",""all_points_x"":[4,481,674,762,1100,1441,1682,1915,1914,1348,1102,864,755,696,538,243,7,3],""all_points_y"":[283,251,235,238,328,420,485,543,604,445,374,305,275,274,284,308,329,278]}","{""pitch side billboards"":""1""}"
frame_0298.jpg,374625,"{}",1,0,"{""name"":""polyline"",""all_points_x"":[5,685,778,1644,1914,1918,1285,948,796,725,388,30,2,6],""all_points_y"":[284,234,239,475,543,601,423,328,283,272,297,327,331,283]}","{""pitch side billboards"":""1""}"
frame_0299.jpg,374707,"{}",1,0,"{""name"":""polyline"",""all_points_x"":[6,614,710,790,1135,1505,1916,1918,1174,812,777,729,250,2,6],""all_points_y"":[286,241,236,243,339,436,545,599,392,289,278,272,309,330,283]}","{""pitch side billboards"":""1""}"
frame_0319.jpg,222678,"{}",1,0,"{""name"":""polyline"",""all_points_x"":[2,350,580,647,674,1021,1658,1917,1918,1679,1374,1047,750,682,605,4,3],""all_points_y"":[267,242,225,226,228,323,490,559,611,547,463,371,288,267,263,307,267]}","{""pitch side billboards"":""1""}"
frame_0323.jpg,227550,"{}",1,0,"{""name"":""polyline"",""all_points_x"":[2,519,601,1202,1919,1917,1081,782,618,590,446,2,2],""all_points_y"":[259,223,223,383,569,622,391,311,263,259,264,302,259]}","{""pitch side billboards"":""1""}"
frame_1122.png,2503524,"{}",1,0,"{""name"":""polyline"",""all_points_x"":[2,330,725,1102,1540,1845,1918,1915,1614,1395,1083,790,464,170,7,1,6],""all_points_y"":[181,195,205,210,211,209,206,240,243,243,239,235,227,219,212,211,179]}","{""pitch side billboards"":""1""}"
frame_1206.png,3070029,"{}",1,0,"{""name"":""polyline"",""all_points_x"":[4,445,867,1324,1815,1919,1918,1814,1323,839,325,3,1],""all_points_y"":[231,245,256,261,264,263,307,307,303,296,284,273,231]}","{""pitch side billboards"":""1""}"
frame_1476.png,2876467,"{}",1,0,"{""name"":""polyline"",""all_points_x"":[2,156,295,811,1186,1809,1917,1914,1530,935,531,305,207,3,3],""all_points_y"":[306,293,291,316,330,346,350,393,380,359,342,328,327,351,306]}","{""pitch side billboards"":""1""}"
frame_1525.png,3230342,"{}",1,0,"{""name"":""polyline"",""all_points_x"":[4,478,794,1042,1108,1246,1477,1807,1909,1910,1726,1577,1446,1218,1106,778,313,6,4],""all_points_y"":[430,414,403,395,394,410,440,487,504,538,506,483,461,428,411,425,443,455,427]}","{""pitch side billboards"":""1""}"
frame_1571.png,2659349,"{}",1,0,"{""name"":""polyline"",""all_points_x"":[0,74,466,1055,1431,1846,1916,1915,1648,1342,983,674,380,116,58,0,0],""all_points_y"":[213,208,224,241,247,252,252,279,279,273,266,256,247,235,234,235,211]}","{""pitch side billboards"":""1""}"
frame_1641.png,2828859,"{}",1,0,"{""name"":""polyline"",""all_points_x"":[1,547,994,1505,1885,1917,1915,1495,1110,905,488,14,2,2],""all_points_y"":[360,373,376,382,380,379,427,426,421,419,415,407,406,360]}","{""pitch side billboards"":""1""}"
frame_1690.png,3306323,"{}",1,0,"{""name"":""polyline"",""all_points_x"":[4,756,1330,1916,1915,1547,1069,544,294,68,3,5],""all_points_y"":[283,284,276,262,309,319,325,331,332,331,331,284]}","{""pitch side billboards"":""1""}"
frame_1721.png,2825834,"{}",1,0,"{""name"":""polyline"",""all_points_x"":[4,308,470,638,974,1497,1918,1918,1466,1070,692,523,458,2,5],""all_points_y"":[146,115,97,103,119,135,144,179,171,155,139,128,128,183,145]}","{""pitch side billboards"":""1""}"
frame_1765.png,2338164,"{}",1,0,"{""name"":""polyline"",""all_points_x"":[5,689,1454,1917,1915,1482,962,580,154,2,7],""all_points_y"":[139,171,188,195,250,243,229,215,197,188,137]}","{""pitch side billboards"":""1""}"
frame_1810.png,2945336,"{}",1,0,"{""name"":""polyline"",""all_points_x"":[3,525,902,1465,1914,1914,1651,1286,898,665,291,87,6,4],""all_points_y"":[343,348,345,344,334,359,364,368,371,372,371,369,369,344]}","{""pitch side billboards"":""1""}"
frame_1901.png,2970526,"{}",1,0,"{""name"":""polyline"",""all_points_x"":[5,698,982,1445,1916,1913,1442,1000,517,166,2,6],""all_points_y"":[175,206,215,227,232,279,272,259,239,226,216,179]}","{""pitch side billboards"":""1""}"
frame_1933.png,2625328,"{}",1,0,"{""name"":""polyline"",""all_points_x"":[6,529,1375,1910,1910,1445,1104,620,289,70,6,6],""all_points_y"":[199,198,181,159,193,215,223,236,239,239,239,199]}","{""pitch side billboards"":""1""}"
frame_2004.png,3650092,"{}",1,0,"{""name"":""polyline"",""all_points_x"":[17,770,1281,1607,1655,1699,1918,1914,1765,1699,1588,1187,722,195,5,4,29],""all_points_y"":[602,515,451,416,411,409,417,451,439,437,447,494,558,626,654,603,600]}","{""pitch side billboards"":""1""}"
frame_2010.png,3174693,"{}",1,0,"{""name"":""polyline"",""all_points_x"":[5,538,838,1203,1464,1511,1918,1912,1612,1503,1338,982,529,31,6,6],""all_points_y"":[661,593,553,509,482,478,494,533,511,510,527,573,638,710,712,659]}","{""pitch side billboards"":""1""}"
frame_2022.png,2659437,"{}",1,0,"{""name"":""polyline"",""all_points_x"":[2,514,934,1571,1914,1914,1497,1051,752,490,114,2,6],""all_points_y"":[399,399,397,391,384,411,419,424,427,427,427,426,398]}","{""pitch side billboards"":""1""}"
frame_2044.png,3018848,"{}",1,0,"{""name"":""polyline"",""all_points_x"":[4,740,1084,1239,1393,1850,1918,1914,1534,1315,1239,730,6,5],""all_points_y"":[440,347,306,287,293,315,318,356,338,325,323,387,490,439]}","{""pitch side billboards"":""1""}"
frame_2049.png,3190446,"{}",1,0,"{""name"":""polyline"",""all_points_x"":[17,537,759,939,1007,1188,1634,1918,1918,1491,1202,1039,977,792,502,170,8,7],""all_points_y"":[387,322,294,274,265,273,291,303,341,323,304,298,301,324,363,412,434,387]}","{""pitch side billboards"":""1""}"
frame_2079.png,3003535,"{}",1,0,"{""name"":""polyline"",""all_points_x"":[3,507,898,1202,1260,1918,1911,1417,1279,1201,462,5,5],""all_points_y"":[215,204,192,179,179,258,303,236,215,215,243,255,216]}","{""pitch side billboards"":""1""}"
frame_2094.png,3027420,"{}",1,0,"{""name"":""polyline"",""all_points_x"":[4,380,786,1065,1286,1342,1595,1916,1916,1575,1382,1341,1115,592,110,4,5],""all_points_y"":[282,277,266,259,247,247,276,314,355,308,282,277,287,308,320,321,283]}","{""pitch side billboards"":""1""}"
frame_2099.png,2702147,"{}",1,0,"{""name"":""polyline"",""all_points_x"":[2,621,1139,1680,1918,1915,1566,1009,532,58,3,2],""all_points_y"":[266,275,275,273,266,308,315,320,315,311,311,265]}","{""pitch side billboards"":""1""}"
frame_2112.png,3153532,"{}",1,0,"{""name"":""polyline"",""all_points_x"":[2,714,1384,1783,1914,1916,1595,1270,736,244,6,3],""all_points_y"":[467,389,305,259,246,283,318,358,431,492,524,467]}","{""pitch side billboards"":""1""}"
frame_2148.png,2785973,"{}",1,0,"{""name"":""polyline"",""all_points_x"":[3,58,482,1027,1540,1914,1912,1538,1048,657,355,139,71,0,4],""all_points_y"":[215,213,231,250,259,263,295,292,280,267,256,246,243,244,215]}","{""pitch side billboards"":""1""}"
frame_2156.png,2836156,"{}",1,0,"{""name"":""polyline"",""all_points_x"":[0,503,741,818,1039,1417,1808,1918,1917,1618,1210,944,845,622,189,2,1],""all_points_y"":[400,332,305,297,301,320,335,339,375,364,344,331,328,353,412,439,403]}","{""pitch side billboards"":""1""}"
frame_2165.png,2791327,"{}",1,0,"{""name"":""polyline"",""all_points_x"":[5,606,1116,1538,1739,1832,1918,1918,1821,1714,1268,664,314,2,7],""all_points_y"":[399,389,374,360,351,354,364,403,392,390,408,427,438,443,399]}","{""pitch side billboards"":""1""}"
frame_2184.png,2760223,"{}",1,0,"{""name"":""polyline"",""all_points_x"":[5,735,1585,1917,1917,1512,975,375,2,5],""all_points_y"":[438,449,462,463,642,633,622,619,613,439]}","{""pitch side billboards"":""1""}"
frame_2186.png,2742900,"{}",1,0,"{""name"":""polyline"",""all_points_x"":[1,866,1537,1916,1915,927,379,6,5],""all_points_y"":[443,452,455,458,622,613,607,603,441]}","{""pitch side billboards"":""1""}"
frame_2223.png,2349048,"{}",1,0,"{""name"":""polyline"",""all_points_x"":[2,178,227,958,1597,1918,1917,1414,1071,744,479,304,209,153,2,3],""all_points_y"":[130,111,111,144,163,165,208,199,188,175,163,152,149,152,175,130]}","{""pitch side billboards"":""1""}"
frame_2300.png,3229567,"{}",1,0,"{""name"":""polyline"",""all_points_x"":[3,212,286,310,458,930,1299,1736,1918,1916,1474,1214,1023,774,542,380,313,74,2,4],""all_points_y"":[523,512,508,507,523,580,631,691,714,765,699,659,631,594,566,547,537,551,555,523]}","{""pitch side billboards"":""1""}"
frame_2301.png,3433217,"{}",1,0,"{""name"":""polyline"",""all_points_x"":[3,328,382,646,1388,1918,1916,1447,1307,970,826,512,373,318,3,3],""all_points_y"":[483,473,474,510,603,679,739,666,643,592,575,533,515,512,525,483]}","{""pitch side billboards"":""1""}"
frame_2382.png,2863300,"{}",1,0,"{""name"":""polyline"",""all_points_x"":[0,82,716,1274,1724,1918,1918,1745,1397,1065,720,411,173,134,98,79,0,2],""all_points_y"":[236,233,261,277,286,288,327,324,316,305,293,282,267,266,266,264,271,235]}","{""pitch side billboards"":""1""}"
frame_2443.png,2791045,"{}",1,0,"{""name"":""polyline"",""all_points_x"":[6,90,831,1394,1802,1916,1917,1510,1204,848,527,186,89,7,8],""all_points_y"":[262,254,285,300,307,309,344,335,327,316,303,288,285,296,263]}","{""pitch side billboards"":""1""}"
frame_2466.png,3040494,"{}",1,0,"{""name"":""polyline"",""all_points_x"":[285,794,1138,1563,1721,1918,1917,1782,1706,1289,848,434,131,6,6,287],""all_points_y"":[295,290,282,271,267,291,320,299,288,303,313,320,322,323,295,295]}","{""pitch side billboards"":""1""}"
frame_2533.png,2819881,"{}",1,0,"{""name"":""polyline"",""all_points_x"":[3,472,998,1456,1638,1698,1916,1916,1709,1670,1593,1238,867,551,270,18,4,4],""all_points_y"":[311,305,292,274,267,268,295,335,307,305,307,323,336,343,350,355,355,311]}","{""pitch side billboards"":""1""}"
frame_2604.png,2599021,"{}",1,0,"{""name"":""polyline"",""all_points_x"":[5,470,910,1529,1918,1917,1529,1027,471,166,38,6,6],""all_points_y"":[243,243,237,218,201,239,256,271,282,286,286,286,242]}","{""pitch side billboards"":""1""}"
frame_2620.png,3051914,"{}",1,0,"{""name"":""polyline"",""all_points_x"":[2,555,1125,1614,1918,1917,1582,1166,870,522,258,5,7],""all_points_y"":[287,287,280,269,256,299,310,320,327,331,332,336,287]}","{""pitch side billboards"":""1""}"
frame_2853.png,3004153,"{}",1,0,"{""name"":""polyline"",""all_points_x"":[2,500,668,1254,1578,1854,1918,1916,1702,1354,1083,822,705,666,513,274,126,3,4],""all_points_y"":[402,333,314,339,349,356,358,386,377,363,353,339,334,332,354,392,416,434,403]}","{""pitch side billboards"":""1""}"
frame_2911.png,2704005,"{}",1,0,"{""name"":""polyline"",""all_points_x"":[3,359,825,1117,1403,1819,1918,1917,1493,1175,904,421,199,17,2,4],""all_points_y"":[149,159,167,171,170,166,163,212,215,215,212,205,199,194,192,147]}","{""pitch side billboards"":""1""}"
frame_2976.png,2695245,"{}",1,0,"{""name"":""polyline"",""all_points_x"":[6,404,817,1182,1554,1888,1916,1917,1553,1181,772,405,34,3,5],""all_points_y"":[175,191,205,207,210,211,211,243,245,241,236,227,216,213,179]}","{""pitch side billboards"":""1""}"
frame_3144.png,3249690,"{}",1,0,"{""name"":""polyline"",""all_points_x"":[3,440,985,1251,1622,1918,1918,1525,1267,1057,585,286,36,6,3],""all_points_y"":[312,323,330,334,335,334,372,374,371,368,362,356,351,350,311]}","{""pitch side billboards"":""1""}"
frame_3229.png,3230561,"{}",1,0,"{""name"":""polyline"",""all_points_x"":[2,1084,1626,1701,1740,1918,1916,1762,1684,1269,812,448,142,1,2],""all_points_y"":[641,503,443,435,434,439,479,471,473,524,585,637,679,697,642]}","{""pitch side billboards"":""1""}"
frame_3282.png,3016293,"{}",1,0,"{""name"":""polyline"",""all_points_x"":[4,624,980,1081,1566,1918,1914,1420,1130,1054,975,457,2,6],""all_points_y"":[431,355,312,309,335,348,389,365,350,344,347,415,483,431]}","{""pitch side billboards"":""1""}"
frame_3314.png,2854582,"{}",1,0,"{""name"":""polyline"",""all_points_x"":[2,712,966,1114,1150,1224,1660,1918,1915,1508,1282,1202,1136,733,278,1,2],""all_points_y"":[336,251,222,202,199,198,222,227,263,244,231,227,228,281,346,383,335]}","{""pitch side billboards"":""1""}"
frame_3321.png,3023137,"{}",1,0,"{""name"":""polyline"",""all_points_x"":[6,342,619,891,1254,1409,1787,1918,1915,1615,1403,1137,846,493,223,22,0,7],""all_points_y"":[117,135,142,149,156,156,158,157,186,188,183,182,177,167,155,147,145,115]}","{""pitch side billboards"":""1""}"
frame_3327.png,3144385,"{}",1,0,"{""name"":""polyline"",""all_points_x"":[1,480,747,813,1317,1654,1915,1913,1574,1346,1135,992,842,811,630,342,3,2],""all_points_y"":[413,350,318,315,336,351,359,386,374,364,355,344,337,337,359,399,449,413]}","{""pitch side billboards"":""1""}"
frame_3373.png,2756184,"{}",1,0,"{""name"":""polyline"",""all_points_x"":[3,123,158,758,1391,1918,1915,1434,1130,762,466,234,181,140,1,4],""all_points_y"":[180,168,167,194,214,223,260,251,240,227,215,202,201,201,217,181]}","{""pitch side billboards"":""1""}"
frame_3409.png,2804538,"{}",1,0,"{""name"":""polyline"",""all_points_x"":[4,312,646,846,1418,1829,1917,1916,1586,1294,1016,668,306,70,3,5],""all_points_y"":[211,217,223,223,220,214,211,243,252,255,255,255,250,244,242,211]}","{""pitch side billboards"":""1""}"
frame_3451.png,2681233,"{}",1,0,"{""name"":""polyline"",""all_points_x"":[2,469,1210,1693,1918,1909,1445,1028,473,2,2],""all_points_y"":[187,191,187,173,165,195,212,220,222,222,187]}","{""pitch side billboards"":""1""}"
frame_3454.png,2562325,"{}",1,0,"{""name"":""polyline"",""all_points_x"":[2,646,1328,1629,1686,1918,1915,1685,1607,1066,376,3,2],""all_points_y"":[173,171,153,140,139,169,198,168,168,190,206,207,171]}","{""pitch side billboards"":""1""}"
frame_3544.png,3023042,"{}",1,0,"{""name"":""polyline"",""all_points_x"":[4,1155,1250,1917,1917,1262,1182,4,6],""all_points_y"":[340,304,304,388,439,343,338,382,339]}","{""pitch side billboards"":""1""}"
frame_3581.png,2950335,"{}",1,0,"{""name"":""polyline"",""all_points_x"":[6,576,1374,1784,1916,1914,914,400,42,6,6],""all_points_y"":[300,295,276,261,256,291,327,339,343,343,299]}","{""pitch side billboards"":""1""}"
w1.jpg,274890,"{}",1,0,"{""name"":""polyline"",""all_points_x"":[1,726,728,286,1,2],""all_points_y"":[807,775,808,865,904,805]}","{""pitch side billboards"":""1""}"
w2.png,1286596,"{}",3,0,"{""name"":""polyline"",""all_points_x"":[4,181,266,666,1196,1196,894,389,334,246,153,2,2],""all_points_y"":[280,269,274,325,389,427,386,315,308,297,296,308,281]}","{""pitch side billboards"":""1""}"
w2.png,1286596,"{}",3,1,"{""name"":""polyline"",""all_points_x"":[388,474,477,388,389],""all_points_y"":[320,330,347,338,320]}","{""pitch side billboards"":""1""}"
w2.png,1286596,"{}",3,2,"{""name"":""polyline"",""all_points_x"":[969,1094,1094,963,970],""all_points_y"":[399,415,444,425,399]}","{""pitch side billboards"":""1""}"
w4.jpg,136900,"{}",1,0,"{""name"":""polyline"",""all_points_x"":[1,386,798,796,360,81,0,3],""all_points_y"":[239,250,259,288,278,271,269,239]}","{""pitch side billboards"":""1""}"